Model,Brier_Score,Calibration_Points
Random Forest,0.19275378086135175,10
XGBoost,0.2271275949857922,10
Logistic Regression,0.21529713356312816,10
